<?xml version="1.0" encoding="UTF-8" standalone="yes"?>
<addon id="plugin.program.ILC"
       name="ILC"
       version="0.4.1"
       provider-name="huball">
  <requires>
    <import addon="script.module.requests" version="2.12.4"/>
    <import addon="xbmc.python" version="2.1.0"/>
  </requires>
  <extension point="xbmc.python.pluginsource"
             library="default.py">
    <provides>executable</provides>
  </extension> 
  <extension point="xbmc.addon.metadata">
    <summary lang="en">ILC</summary>
    <description lang="en">ILC</description>
    <platform>all</platform>
    <language></language>
  </extension>
</addon>
