<?xml version="1.0" encoding="UTF-8"?>
<addon id="plugin.video.animejoy" version="1.1.0" name="Animejoy" provider-name="huball">
    <requires>
        <import addon="xbmc.python" version="2.1.0"/>
    </requires>
    <extension point="xbmc.python.pluginsource" library="default.py">
        <provides>video</provides>
    </extension>
    <extension point="xbmc.addon.metadata">
        <summary>animejoy</summary>
        <description>Animejoy addon was created for educational purposes only.Some parts of this addon may not be legal in your country of residence - please check with your local laws before installing!</description>
        <platform>all</platform>
    </extension>
</addon>

