<?xml version="1.1" encoding="UTF-8"?>
<addon id="plugin.video.Pac-12" version="1.1.3" name="Pac-12" provider-name="huball">
    <requires>
        <import addon="xbmc.python" version="2.1.0"/>
    </requires>
    <extension point="xbmc.python.pluginsource" library="default.py">
        <provides>video</provides>
    </extension>
    <extension point="xbmc.addon.metadata">
        <summary>Pac-12</summary>
        <description>Pac-12</description>
        <platform>all</platform>
    </extension>
</addon>

