<?xml version="1.0" encoding="UTF-8" standalone="yes"?>
<addon id="service.subtitles.animesub" name="Animesub.info" version="0.1.1" provider-name="huball">
    <requires>
        <import addon="xbmc.python" version="2.14.0"/>
		<import addon="script.module.beautifulsoup4" version="4.3.2"/>
		<import addon="script.module.requests" version="2.12.4"/>
    </requires>
    <extension point="xbmc.subtitle.module" library="service.py"/>
    <extension point="xbmc.addon.metadata">
		<summary lang="en">Animesub.info</summary>
		<description lang="en">Search and Download subtitles from animesub.info.</description>
		<summary lang="pl">Animesub.info</summary>
		<description lang="pl">Szukaj i pobieraj napisy z serwisu animesub.info. Wtyczka powstała w celach edukacyjnych. Stworzona przez modyfikację dodatku napisy24.pl. Niektóre jej składniki mogą nie działać lub działać nie poprawnie. Nie biorę odpowiedzialności za problemy związane z użytkowaniem tego dodatku. Some parts of this addon may not be legal in your country of residence - please check with your local laws before installing!</description>
		<source></source>
		<language/>
		<email/>
		<forum></forum>
		<website/>
		<license>GNU GENERAL PUBLIC LICENSE. Version 2, June 1991</license>
    </extension>
</addon>